"Symbol","Disorders","MeSH_IDs","Sample_sources","Cell_types","PMIDs"
"IL12A","Allergic Asthma;Allergic Contact Dermatitis;Allergic Rhinitis;Atopic Dermatitis;Food Allergy","D001249;D003876;D005512;D017449;D065631","BALF/Lung Biopsy;Blood;Skin;Sputum","Macrophage;Monocyte","10644020;10992536;11031340;11080718;17069100;17868259;18445187;29154959"
"IL12B","Allergic Asthma;Allergic Contact Dermatitis;Allergic Rhinitis;Atopic Dermatitis;Food Allergy","D001249;D003876;D005512;D017449;D065631","BALF/Lung Biopsy;Blood;Skin;Sputum","Macrophage;Monocyte","10644020;10992536;11031340;11080718;17069100;17868259;18445187;29154959"
"PTGS2","Allergic Asthma","D001249","BALF/Lung Biopsy;Sputum","Macrophage","10673210"
"CCL13","Atopic Dermatitis","D003876","Skin","Macrophage","10808183;37312623"
"CCL11","Atopic Dermatitis","D003876","Skin","Macrophage","10808183"
"IL10","Allergic Asthma;Allergic Bronchopulmonary Aspergillosis;Allergic Rhinitis;Atopic Dermatitis;Food Allergy","D001229;D001249;D003876;D005512;D065631","BALF/Lung Biopsy;Blood;Nasal Biopsy;Sputum","Macrophage;Monocyte","10843431;11031340;11080710;17960185;21099249;25193981;28007476;29154959;30408806;37172666"
"CCL3","Allergic Asthma;Allergic Rhinitis;Atopic Dermatitis","D001249;D003876;D065631","Blood;Nasal Biopsy","Macrophage;Monocyte","10843431;37428185;37989666"
"FASLG","Allergic Alveolitis;Allergic Rhinitis","D000542;D065631","Adenoids;BALF/Lung Biopsy","Macrophage","10899765;14662196"
"FAS","Allergic Alveolitis","D000542","BALF/Lung Biopsy","Macrophage","10899765"
"TNF","Allergic Asthma;Allergic Rhinitis;Atopic Dermatitis;Food Allergy","D001249;D003876;D005512;D065631","Blood","Monocyte","11003567;17868259;17960185;29154959;29212072;37989666"
"PDE3A","Allergic Asthma","D001249","Blood","Monocyte","11003567"
"PDE4A","Allergic Asthma","D001249","Blood","Monocyte","11003567"
"FCER2","Allergic Rhinitis;Atopic Dermatitis;Food Allergy;Immediate Hypersensitivity","D003876;D005512;D006969;D065631","Blood","Monocyte","11094642;12406333;32698761"
"FCGR3A","Allergic Asthma;Allergic Rhinitis","D001249;D065631","Blood;Sputum","Macrophage;Monocyte","11159017;17951166;18952503;23343753;35171740;36929161;37005298"
"FCGR1A","Allergic Asthma","D001249","Blood;Sputum","Macrophage;Monocyte","11159017;36929161"
"ITGAM","Allergic Asthma;Atopic Dermatitis","D001249;D003876","Blood;Skin;Sputum","Macrophage;Monocyte","11159017;17073872;38806324"
"CD14","Allergic Asthma;Allergic Rhinitis;Atopic Dermatitis;Immediate Hypersensitivity","D001249;D003876;D006969;D065631","BALF/Lung Biopsy;Blood;Sputum","Macrophage;Monocyte","11159017;11590389;14510721;15080804;15291900;16290232;18952503;20302606;23343753;35147263;35171740;35681430;36929161;37005298;37625825"
"HLA-DRA","Allergic Asthma;Allergic Rhinitis;Food Allergy","D001249;D005512;D065631","BALF/Lung Biopsy;Blood;Nasal Biopsy;Sputum","Macrophage;Monocyte","11159017;24612750;29154959;37428185"
"GUSB","Allergic Asthma","D001249","BALF/Lung Biopsy","Macrophage","11238657"
"IL6","Allergic Asthma;Allergic Rhinitis;Atopic Dermatitis;Food Allergy","D001249;D003876;D005512;D065631","BALF/Lung Biopsy;Blood","Macrophage;Monocyte","11238657;17960185;18445187;27459393;29154959"
"IL4R","Allergic Rhinitis;Atopic Dermatitis","D003876;D065631","Blood;Skin","Macrophage;Monocyte","11251413;12406333;21774972;23343753"
"CD80","Allergic Asthma;Allergic Rhinitis;Atopic Dermatitis","D001249;D003876;D065631","BALF/Lung Biopsy;Blood;Skin","Macrophage;Monocyte","11359432;17868259;38806324"
"CD86","Allergic Asthma;Allergic Rhinitis;Atopic Dermatitis","D001249;D003876;D065631","BALF/Lung Biopsy;Blood;Skin","Macrophage;Monocyte","11359432;17868259;24612750;38806324"
"IL4","Allergic Asthma","D001249","BALF/Lung Biopsy","Macrophage","11359432;37172666;38517856"
"IL5","Allergic Asthma","D001249","BALF/Lung Biopsy;Sputum","Macrophage","11359432;23121677"
"IL1B","Allergic Rhinitis;Atopic Dermatitis;Food Allergy","D003876;D005512;D065631","Blood;Nasal Biopsy;Skin","Macrophage;Monocyte","11590389;29154959;34279540;37428185;37989666;38734816"
"IL18","Allergic Asthma;Atopic Dermatitis","D001249;D003876","Blood;Sputum","Macrophage;Monocyte","11590389;15196278;16516851;28922563"
"IL15","Allergic Asthma","D001249","Sputum","Macrophage","11591195"
"CXCL8","Allergic Asthma;Allergic Rhinitis;Atopic Dermatitis;Food Allergy","D001249;D003876;D005512;D065631","Blood","Monocyte","12207111;27459393;29154959;37989666"
"MS4A2","Allergic Asthma;Allergic Rhinitis;Atopic Dermatitis","D001249;D003876;D065631","Blood","Monocyte","12406333;15291900;35234636"
"TNFSF10","Allergic Asthma;Atopic Dermatitis","D001249;D003876","BALF/Lung Biopsy;Blood","Macrophage;Monocyte","12421985;16185275"
"HLA-DRB4","Allergic Asthma","D001249","BALF/Lung Biopsy;Blood","Macrophage;Monocyte","12421985"
"TNFRSF10B","Allergic Asthma","D001249","BALF/Lung Biopsy;Blood","Macrophage;Monocyte","12421985"
"TNFRSF10D","Allergic Asthma","D001249","BALF/Lung Biopsy;Blood","Macrophage;Monocyte","12421985"
"FCER1A","Allergic Asthma;Allergic Rhinitis;Atopic Dermatitis","D001249;D003876;D065631","Blood","Monocyte","12671054;17083354;17531301;30985951"
"B2M","Allergic Asthma;Allergic Rhinitis;Atopic Dermatitis","D001249;D003876;D065631","Blood;Nasal Biopsy","Macrophage;Monocyte","14600428;36138182"
"TAP2","Atopic Dermatitis","D003876","Blood","Monocyte","14600428"
"CD36","Allergic Rhinitis;Atopic Dermatitis","D003876;D065631","Blood;Nasal Biopsy","Macrophage;Monocyte","14600428;37428185;38817208"
"IFNG","Allergic Rhinitis;Atopic Dermatitis","D003876;D065631","Blood","Monocyte","14600428;17069100"
"HDAC1","Allergic Asthma","D001249","BALF/Lung Biopsy;Blood;Sputum","Macrophage;Monocyte","15087294;24355018"
"TMPRSS11D","Allergic Asthma","D001249","BALF/Lung Biopsy","Macrophage","15087294"
"CX3CR1","Atopic Dermatitis","D003876","Blood","Monocyte","15131578"
"GLRX","Allergic Alveolitis","D000542","BALF/Lung Biopsy","Macrophage","15297967"
"CCR2","Allergic Asthma;Atopic Dermatitis","D001249;D003876","BALF/Lung Biopsy;Blood","Macrophage;Monocyte","15370700;25457349;38297226"
"CCL2","Allergic Asthma;Allergic Rhinitis;Atopic Dermatitis","D001249;D003876;D065631","Blood;Nasal Biopsy","Macrophage;Monocyte","15370700;27459393;37428185"
"CCL18","Allergic Asthma;Atopic Dermatitis","D001249;D003876","BALF/Lung Biopsy;Blood;Skin","Macrophage;Monocyte","15494534;34769080;37312623;38297226"
"NGF","Allergic Asthma","D001249","Blood","Monocyte","15544837"
"PTGER1","Allergic Asthma","D001249","Sputum","Macrophage","15577828"
"PTGER2","Allergic Asthma","D001249","Sputum","Macrophage","15577828"
"PTGER3","Allergic Asthma","D001249","Sputum","Macrophage","15577828"
"PTGER4","Allergic Asthma","D001249","Sputum","Macrophage","15577828"
"TNFRSF1A","Allergic Alveolitis;Allergic Asthma;Atopic Dermatitis","D000542;D001249;D003876","BALF/Lung Biopsy;Blood","Macrophage;Monocyte","15653992;29212072;35681430"
"TNFRSF1B","Allergic Alveolitis;Allergic Asthma;Atopic Dermatitis","D000542;D001249;D003876","BALF/Lung Biopsy;Blood","Macrophage;Monocyte","15653992;29212072;35681430"
"TFRC","Allergic Alveolitis","D000542","BALF/Lung Biopsy","Macrophage","15753634"
"TLR2","Allergic Asthma;Allergic Rhinitis;Atopic Dermatitis;Immediate Hypersensitivity","D001249;D003876;D006969;D065631","BALF/Lung Biopsy;Blood;Cord Blood","Macrophage;Monocyte","15940151;16290232;19392987;26534745;38297226;38817208"
"TLR4","Allergic Rhinitis;Atopic Dermatitis;Immediate Hypersensitivity","D003876;D006969;D065631","Blood;Cord Blood","Monocyte","15940151;16290232;17960185;20134341;26534745;38817208"
"TSLP","Allergic Asthma","D001249","BALF/Lung Biopsy","Macrophage","15944327"
"CCL17","Allergic Asthma;Allergic Rhinitis","D001249;D065631","BALF/Lung Biopsy;Sputum","Macrophage","15944327;22981793;24612750;33076907;36467876"
"CXCL10","Allergic Asthma","D001249","BALF/Lung Biopsy","Macrophage","15944327"
"HMOX1","Allergic Rhinitis","D065631","Nasal Biopsy","Macrophage","16540907"
"SELL","Allergic Rhinitis;Atopic Dermatitis","D003876;D065631","Blood;Nasal Biopsy","Macrophage;Monocyte","17073872;37428185"
"SELP","Atopic Dermatitis","D003876","Blood","Monocyte","17073872"
"ITGAL","Atopic Dermatitis","D003876","Blood","Monocyte","17073872"
"ITGA5","Atopic Dermatitis","D003876","Blood","Monocyte","17073872"
"ITGB2","Atopic Dermatitis","D003876","Blood","Monocyte","17073872"
"CD53","Atopic Dermatitis","D003876","Blood","Monocyte","17073872"
"CD63","Allergic Rhinitis;Atopic Dermatitis","D003876;D065631","Blood;Nasal Biopsy","Macrophage;Monocyte","17073872;37428185"
"CD151","Atopic Dermatitis","D003876","Blood","Monocyte","17073872"
"CD2","Allergic Asthma","D001249","Blood","Monocyte","17083354"
"CD163","Allergic Asthma;Allergic Rhinitis;Atopic Dermatitis","D001249;D003876;D065631","BALF/Lung Biopsy;Blood;Nasal Biopsy;Skin;Sputum","Macrophage;Monocyte","17177682;18952503;22981793;30246699;34358352;36410530;37172666;37783052"
"CCL23","Atopic Dermatitis","D003876","Skin","Macrophage","17371990"
"PPARG","Atopic Dermatitis","D003876","Blood;Skin","Macrophage;Monocyte","17620071;38806324"
"IL10RA","Allergic Asthma;Allergic Rhinitis","D001249;D065631","Blood;Sputum","Macrophage;Monocyte","17951166;23343753"
"PTGDR2","Allergic Rhinitis","D065631","Nasal Biopsy","Macrophage","19230460"
"HSPD1","Allergic Asthma","D001249","BALF/Lung Biopsy","Macrophage","19913588"
"PRNP","Allergic Asthma","D001249","BALF/Lung Biopsy","Macrophage","19913588"
"SERPINH1","Allergic Asthma","D001249","BALF/Lung Biopsy","Macrophage","19913588"
"P2RX7","Allergic Asthma","D001249","BALF/Lung Biopsy","Macrophage","20508067"
"MRC1","Allergic Asthma;Allergic Rhinitis;Atopic Dermatitis","D001249;D003876;D065631","BALF/Lung Biopsy;Blood;Nasal Biopsy;Skin;Sputum","Macrophage;Monocyte","21167569;23343753;28007476;30408806;30588853;36134503;37172666;37783052;37995836;38517856"
"STAB1","Allergic Asthma","D001249","BALF/Lung Biopsy","Macrophage","21167569"
"CD9","Allergic Rhinitis;Atopic Dermatitis","D003876;D065631","Blood;Nasal Biopsy","Macrophage;Monocyte","21241315;37428185"
"CD81","Atopic Dermatitis","D003876","Blood","Monocyte","21241315"
"IFNGR2","Atopic Dermatitis","D003876","Skin","Macrophage","21774972"
"FCER1G","Atopic Dermatitis","D003876","Blood","Monocyte","22150093"
"TNFSF9","Allergic Asthma","D001249","Blood","Monocyte","22906277"
"LGALS1","Allergic Asthma","D001249","Sputum","Macrophage","23121677"
"LGALS3","Allergic Asthma;Atopic Dermatitis","D001249;D003876","Skin;Sputum","Macrophage","23121677;33479125"
"LGALS9","Allergic Asthma","D001249","Sputum","Macrophage","23121677"
"IL13","Allergic Asthma","D001249","BALF/Lung Biopsy;Sputum","Macrophage","23121677;37172666;38517856"
"EP300","Allergic Asthma","D001249","Blood;Sputum","Macrophage;Monocyte","24355018"
"KAT2B","Allergic Asthma","D001249","Blood;Sputum","Macrophage;Monocyte","24355018"
"CREBBP","Allergic Asthma","D001249","Blood;Sputum","Macrophage;Monocyte","24355018"
"HDAC2","Allergic Asthma","D001249","Blood;Sputum","Macrophage;Monocyte","24355018"
"HDAC3","Allergic Asthma","D001249","Blood;Sputum","Macrophage;Monocyte","24355018"
"ENTPD1","Allergic Rhinitis","D065631","Blood","Monocyte","24970562"
"PPBP","Allergic Asthma;Allergic Bronchopulmonary Aspergillosis","D001229;D001249","BALF/Lung Biopsy;Blood","Macrophage;Monocyte","25193981;38297226"
"IL3RA","Allergic Asthma","D001249","Blood;Sputum","Macrophage;Monocyte","25824485;33076907"
"ADORA2A","Allergic Asthma","D001249","Blood;Sputum","Macrophage;Monocyte","26232643;33076907"
"ADORA2B","Allergic Asthma","D001249","Blood","Monocyte","26232643"
"F2RL1","Allergic Asthma;Allergic Rhinitis","D001249;D065631","Blood","Monocyte","26658828;27423452"
"TLR7","Allergic Asthma","D001249","BALF/Lung Biopsy","Macrophage","26815632;38297226"
"MIR146B","Allergic Asthma","D001249","BALF/Lung Biopsy","Macrophage","26815632"
"MIR150","Allergic Asthma","D001249","BALF/Lung Biopsy","Macrophage","26815632"
"MIR193B","Allergic Asthma","D001249","BALF/Lung Biopsy","Macrophage","26815632"
"MIR24-1","Allergic Asthma","D001249","BALF/Lung Biopsy","Macrophage","26815632"
"MIR339","Allergic Asthma","D001249","BALF/Lung Biopsy","Macrophage","26815632"
"MIR101-1","Allergic Asthma","D001249","BALF/Lung Biopsy","Macrophage","26815632"
"MIR152","Allergic Asthma","D001249","BALF/Lung Biopsy","Macrophage","26815632"
"MIR375","Allergic Asthma","D001249","BALF/Lung Biopsy","Macrophage","26815632"
"FSTL1","Allergic Asthma","D001249","BALF/Lung Biopsy;Sputum","Macrophage","27001159"
"IFNL2","Allergic Asthma;Allergic Rhinitis","D001249;D065631","Blood","Monocyte","27057098;29630100"
"IL1R1","Allergic Asthma;Atopic Dermatitis","D001249;D003876","Blood;Sputum","Macrophage;Monocyte","27267269;33076907"
"IL1R2","Allergic Asthma;Atopic Dermatitis","D001249;D003876","Blood;Skin;Sputum","Macrophage;Monocyte","27267269;33076907;38806324"
"F2R","Allergic Asthma;Allergic Rhinitis","D001249;D065631","Blood","Monocyte","27423452"
"NOS2","Allergic Asthma;Atopic Dermatitis","D001249;D003876","BALF/Lung Biopsy;Skin","Macrophage","27647044;36645854"
"IRF5","Allergic Asthma","D001249","BALF/Lung Biopsy","Macrophage","28007476"
"IL18BP","Allergic Asthma","D001249","Blood","Monocyte","28922563"
"IL18R1","Allergic Asthma","D001249","Blood;Sputum","Macrophage;Monocyte","28922563;33076907"
"FOXQ1","Atopic Dermatitis","D003876","Blood","Monocyte","29203829"
"CD68","Allergic Asthma;Atopic Dermatitis","D001249;D003876","BALF/Lung Biopsy;Blood;Skin","Macrophage;Monocyte","30184280;34358352;36134503;36410530;36929161;37995836;38297226"
"S100A8","Allergic Asthma;Allergic Rhinitis","D001249;D065631","BALF/Lung Biopsy;Nasal Biopsy","Macrophage","30184280;37428185"
"S100A9","Allergic Asthma;Allergic Rhinitis","D001249;D065631","BALF/Lung Biopsy;Nasal Biopsy","Macrophage","30184280;37428185"
"MMP10","Allergic Asthma","D001249","BALF/Lung Biopsy","Macrophage","30184280"
"ARG1","Allergic Rhinitis;Atopic Dermatitis","D003876;D065631","Blood;Nasal Biopsy;Skin","Macrophage;Monocyte","30408806;38806324"
"MIR202","Allergic Rhinitis","D065631","Nasal Biopsy","Macrophage","30408806"
"CRLF2","Allergic Asthma","D001249","Sputum","Macrophage","30588853"
"IL33","Allergic Asthma","D001249","BALF/Lung Biopsy;Sputum","Macrophage","30588853;38517856"
"ICOSLG","Atopic Dermatitis","D003876","Blood","Monocyte","31090221"
"CHI3L1","Allergic Asthma;Atopic Dermatitis","D001249;D003876","BALF/Lung Biopsy;Skin","Macrophage","31397016;38297226"
"HBB","Atopic Dermatitis","D003876","Skin","Macrophage","32344053"
"CSTA","Allergic Rhinitis;Atopic Dermatitis","D003876;D065631","Nasal Biopsy;Skin","Macrophage","32344053;37428185"
"MAP1LC3B","Allergic Alveolitis","D000542","BALF/Lung Biopsy","Macrophage","32496163"
"GTF2H1","Allergic Alveolitis","D000542","BALF/Lung Biopsy","Macrophage","32496163"
"ATG4B","Allergic Alveolitis","D000542","BALF/Lung Biopsy","Macrophage","32496163"
"ATG5","Allergic Alveolitis","D000542","BALF/Lung Biopsy","Macrophage","32496163"
"ATG7","Allergic Alveolitis","D000542","BALF/Lung Biopsy","Macrophage","32496163"
"CLEC12A","Food Allergy","D005512","Blood","Monocyte","32698761"
"CD69","Allergic Asthma;Food Allergy","D001249;D005512","Blood;Sputum","Macrophage;Monocyte","32698761;33076907"
"TFF3","Allergic Asthma","D001249","Sputum","Macrophage","33076907"
"ADGRG1","Allergic Asthma","D001249","Sputum","Macrophage","33076907"
"CLC","Allergic Asthma","D001249","Sputum","Macrophage","33076907"
"BTNL8","Allergic Asthma","D001249","Sputum","Macrophage","33076907"
"OLIG1","Allergic Asthma","D001249","Sputum","Macrophage","33076907"
"GGT5","Allergic Asthma","D001249","Sputum","Macrophage","33076907"
"ADGRG3","Allergic Asthma","D001249","Sputum","Macrophage","33076907"
"LGALS12","Allergic Asthma","D001249","Sputum","Macrophage","33076907"
"TPST1","Allergic Asthma","D001249","Sputum","Macrophage","33076907"
"BPIFB1","Allergic Asthma","D001249","Sputum","Macrophage","33076907"
"CPA3","Allergic Asthma","D001249","Sputum","Macrophage","33076907"
"RAB44","Allergic Asthma","D001249","Sputum","Macrophage","33076907"
"VSTM1","Allergic Asthma","D001249","Sputum","Macrophage","33076907"
"P2RY14","Allergic Asthma","D001249","Sputum","Macrophage","33076907"
"DACH1","Allergic Asthma","D001249","Sputum","Macrophage","33076907"
"FHL3","Allergic Asthma","D001249","Sputum","Macrophage","33076907"
"FFAR3","Allergic Asthma","D001249","Sputum","Macrophage","33076907"
"IL5RA","Allergic Asthma","D001249","Sputum","Macrophage","33076907"
"SHISAL2A","Allergic Asthma","D001249","Sputum","Macrophage","33076907"
"PRR7","Allergic Asthma","D001249","Sputum","Macrophage","33076907"
"TPSAB1","Allergic Asthma","D001249","Sputum","Macrophage","33076907"
"CACNG6","Allergic Asthma","D001249","Sputum","Macrophage","33076907"
"CCL26","Allergic Asthma","D001249","BALF/Lung Biopsy;Sputum","Macrophage","33076907;38517856"
"ZBTB16","Allergic Asthma","D001249","Sputum","Macrophage","33076907;36467876"
"SEMA7A","Allergic Asthma","D001249","Sputum","Macrophage","33076907"
"CCR3","Allergic Asthma","D001249","Sputum","Macrophage","33076907"
"CEBPE","Allergic Asthma","D001249","Sputum","Macrophage","33076907"
"H2AC21","Allergic Asthma","D001249","Sputum","Macrophage","33076907"
"TIAM2","Allergic Asthma","D001249","Sputum","Macrophage","33076907"
"TPSD1","Allergic Asthma","D001249","Sputum","Macrophage","33076907"
"TREML2","Allergic Asthma","D001249","Sputum","Macrophage","33076907"
"B3GNT8","Allergic Asthma","D001249","Sputum","Macrophage","33076907"
"CLEC4G","Allergic Asthma","D001249","Sputum","Macrophage","33076907"
"ASB2","Allergic Asthma","D001249","Sputum","Macrophage","33076907"
"BMP6","Allergic Asthma","D001249","Sputum","Macrophage","33076907"
"H2AC7","Allergic Asthma","D001249","Sputum","Macrophage","33076907"
"RHOH","Allergic Asthma","D001249","Sputum","Macrophage","33076907"
"CD24","Allergic Asthma","D001249","Sputum","Macrophage","33076907"
"CHST15","Allergic Asthma","D001249","BALF/Lung Biopsy;Sputum","Macrophage","33076907;38297226"
"H2AC19","Allergic Asthma","D001249","Sputum","Macrophage","33076907"
"GFI1B","Allergic Asthma","D001249","Sputum","Macrophage","33076907"
"RIPOR2","Allergic Asthma","D001249","Sputum","Macrophage","33076907"
"SERPINB3","Allergic Asthma","D001249","Sputum","Macrophage","33076907"
"TKTL1","Allergic Asthma","D001249","Sputum","Macrophage","33076907"
"SLPI","Allergic Asthma;Allergic Rhinitis","D001249;D065631","Nasal Biopsy;Sputum","Macrophage","33076907;36138182"
"RAMP1","Allergic Asthma","D001249","Sputum","Macrophage","33076907"
"IL1RL1","Allergic Asthma","D001249","Sputum","Macrophage","33076907"
"TMEM71","Allergic Asthma","D001249","Sputum","Macrophage","33076907"
"DEFA3","Allergic Asthma","D001249","Sputum","Macrophage","33076907"
"ADAM8","Allergic Asthma","D001249","Sputum","Macrophage","33076907"
"ARAP3","Allergic Asthma","D001249","Sputum","Macrophage","33076907"
"ICAM3","Allergic Asthma","D001249","Sputum","Macrophage","33076907"
"TNFSF14","Allergic Asthma","D001249","BALF/Lung Biopsy;Sputum","Macrophage","33076907;38297226"
"AGR2","Allergic Asthma","D001249","Sputum","Macrophage","33076907"
"S100P","Allergic Asthma","D001249","Sputum","Macrophage","33076907"
"ASPRV1","Allergic Asthma","D001249","Sputum","Macrophage","33076907"
"MXD1","Allergic Asthma","D001249","Sputum","Macrophage","33076907"
"SLC25A37","Allergic Asthma","D001249","Sputum","Macrophage","33076907"
"VEGFA","Allergic Asthma","D001249","Sputum","Macrophage","33076907"
"RGL4","Allergic Asthma","D001249","Sputum","Macrophage","33076907"
"MSMB","Allergic Asthma","D001249","Sputum","Macrophage","33076907"
"ANGPTL4","Allergic Asthma","D001249","Sputum","Macrophage","33076907"
"H1-2","Allergic Asthma","D001249","Sputum","Macrophage","33076907"
"PIGR","Allergic Asthma","D001249","Sputum","Macrophage","33076907"
"NFE2","Allergic Asthma","D001249","BALF/Lung Biopsy;Sputum","Macrophage","33076907;38297226"
"LRG1","Allergic Asthma","D001249","Sputum","Macrophage","33076907"
"WFDC2","Allergic Asthma","D001249","Sputum","Macrophage","33076907"
"CXCR1","Allergic Asthma","D001249","Sputum","Macrophage","33076907"
"FFAR2","Allergic Asthma","D001249","Sputum","Macrophage","33076907"
"TGM3","Allergic Asthma","D001249","Sputum","Macrophage","33076907"
"MMP25","Allergic Asthma","D001249","Sputum","Macrophage","33076907"
"PROK2","Allergic Asthma","D001249","Sputum","Macrophage","33076907"
"CMTM2","Allergic Asthma","D001249","Sputum","Macrophage","33076907"
"PI3","Allergic Asthma","D001249","Sputum","Macrophage","33076907;34510493"
"CXCR2","Allergic Asthma","D001249","Sputum","Macrophage","33076907"
"PSCA","Allergic Asthma","D001249","Sputum","Macrophage","33076907"
"KRT23","Allergic Asthma","D001249","Sputum","Macrophage","33076907"
"HRH2","Atopic Dermatitis","D003876","Blood","Monocyte","34129684;34769080"
"IL23A","Atopic Dermatitis","D003876","Blood;Skin","Macrophage;Monocyte","34279540"
"TUG1","Allergic Asthma","D001249","Blood","Monocyte","34335559"
"STAT1","Atopic Dermatitis","D003876","Blood;Skin","Macrophage;Monocyte","34358352;38817208"
"MAF","Atopic Dermatitis","D003876","Skin","Macrophage","34358352"
"DUSP1","Allergic Asthma","D001249","Blood","Monocyte","34455626"
"MAPK3","Allergic Asthma","D001249","Blood","Monocyte","34455626"
"MAPK1","Allergic Asthma;Atopic Dermatitis","D001249;D003876","Blood","Monocyte","34455626;38817208"
"MAPK14","Allergic Asthma","D001249","Blood","Monocyte","34455626"
"SLAMF7","Allergic Asthma","D001249","Sputum","Macrophage","34510493"
"DYSF","Allergic Asthma","D001249","Sputum","Macrophage","34510493"
"GPR183","Allergic Asthma;Allergic Rhinitis","D001249;D065631","Nasal Biopsy;Sputum","Macrophage","34510493;37428185"
"CSF3","Allergic Asthma","D001249","Sputum","Macrophage","34510493"
"CCR7","Allergic Asthma","D001249","Sputum","Macrophage","34510493"
"HRH1","Atopic Dermatitis","D003876","Blood","Monocyte","34769080"
"HRH4","Atopic Dermatitis","D003876","Blood","Monocyte","34769080"
"EARS2","Allergic Asthma","D001249","Sputum","Macrophage","36467876"
"ATP2A2","Allergic Asthma","D001249","Sputum","Macrophage","36467876"
"COLGALT1","Allergic Asthma","D001249","Sputum","Macrophage","36467876"
"GART","Allergic Asthma","D001249","Sputum","Macrophage","36467876"
"WNT5A","Allergic Asthma","D001249","Sputum","Macrophage","36467876"
"AK5","Allergic Asthma","D001249","Sputum","Macrophage","36467876"
"ADORA3","Allergic Asthma","D001249","Sputum","Macrophage","36467876"
"CXCR4","Allergic Asthma;Allergic Rhinitis","D001249;D065631","Nasal Biopsy;Sputum","Macrophage","36467876;37428185"
"GSDMD","Atopic Dermatitis","D003876","Skin","Macrophage","38734816"
"PYCARD","Atopic Dermatitis","D003876","Skin","Macrophage","38734816"
"CMIP","Allergic Asthma","D001249","BALF/Lung Biopsy","Macrophage","37172666;38517856"
"HSPA5","Allergic Asthma","D001249","BALF/Lung Biopsy","Macrophage","37172666;38517856"
"EIF2AK3","Allergic Asthma","D001249","BALF/Lung Biopsy","Macrophage","38517856"
"ATF4","Allergic Asthma","D001249","BALF/Lung Biopsy","Macrophage","38517856"
"NFATC1","Allergic Asthma","D001249","BALF/Lung Biopsy","Macrophage","38517856"
"TGFB1","Allergic Asthma","D001249","BALF/Lung Biopsy","Macrophage","37172666;38517856"
"MBD2","Allergic Asthma","D001249","BALF/Lung Biopsy","Macrophage","36090987"
"BMAL1","Allergic Asthma","D001249","Blood","Monocyte","38863703"
"CLOCK","Allergic Asthma","D001249","Blood","Monocyte","38863703"
"NR1D1","Allergic Asthma","D001249","Blood","Monocyte","38863703"
"NR1D2","Allergic Asthma","D001249","Blood","Monocyte","38863703"
"CCL4","Allergic Rhinitis;Atopic Dermatitis","D003876;D065631","Blood;Nasal Biopsy","Macrophage;Monocyte","37428185;37989666"
"IRAK3","Atopic Dermatitis","D003876","Blood","Monocyte","38817208"
"MAP3K1","Atopic Dermatitis","D003876","Blood","Monocyte","38817208"
"PELI1","Atopic Dermatitis","D003876","Blood","Monocyte","38817208"
"JAK2","Atopic Dermatitis","D003876","Blood","Monocyte","38817208"
"ADAR","Atopic Dermatitis","D003876","Blood","Monocyte","38817208"
"ISG20","Atopic Dermatitis","D003876","Blood","Monocyte","38817208"
"IFI44L","Atopic Dermatitis","D003876","Blood","Monocyte","38817208"
"IFI44","Atopic Dermatitis","D003876","Blood","Monocyte","38817208"
"MX1","Atopic Dermatitis","D003876","Blood","Monocyte","38817208"
"XAF1","Atopic Dermatitis","D003876","Blood","Monocyte","38817208"
"IFI16","Atopic Dermatitis","D003876","Blood","Monocyte","38817208"
"ETS1","Atopic Dermatitis","D003876","Blood","Monocyte","38817208"
"TRPV4","Atopic Dermatitis","D003876","Skin","Macrophage","36645854"
"SULF1","Allergic Alveolitis","D000542","BALF/Lung Biopsy","Macrophage","37800807"
"IGKC","Allergic Asthma;Allergic Rhinitis","D001249;D065631","Nasal Biopsy","Macrophage","36138182"
"VIM","Allergic Asthma;Allergic Rhinitis","D001249;D065631","Nasal Biopsy","Macrophage","36138182"
"ACTB","Allergic Asthma;Allergic Rhinitis","D001249;D065631","Nasal Biopsy","Macrophage","36138182;37428185"
"ACTG1","Allergic Asthma;Allergic Rhinitis","D001249;D065631","Nasal Biopsy","Macrophage","36138182"
"IGHG4","Allergic Asthma;Allergic Rhinitis","D001249;D065631","Nasal Biopsy","Macrophage","36138182"
"IGHA1","Allergic Asthma;Allergic Rhinitis","D001249;D065631","Nasal Biopsy","Macrophage","36138182"
"COTL1","Allergic Asthma;Allergic Rhinitis","D001249;D065631","Nasal Biopsy","Macrophage","36138182;37428185"
"C1QC","Allergic Asthma;Allergic Rhinitis;Atopic Dermatitis","D001249;D003876;D065631","Nasal Biopsy","Macrophage","36138182;36456559"
"C1QB","Allergic Asthma;Allergic Rhinitis;Atopic Dermatitis","D001249;D003876;D065631","Nasal Biopsy","Macrophage","36138182;36456559"
"C1QA","Allergic Asthma;Allergic Rhinitis","D001249;D065631","Nasal Biopsy","Macrophage","36138182"
"ITM2B","Allergic Asthma;Allergic Rhinitis","D001249;D065631","Nasal Biopsy","Macrophage","36138182;37428185"
"CD44","Allergic Asthma;Allergic Rhinitis","D001249;D065631","Nasal Biopsy","Macrophage","36138182"
"SLC2A3","Allergic Asthma;Allergic Rhinitis","D001249;D065631","Nasal Biopsy","Macrophage","36138182"
"SOCS3","Allergic Asthma;Allergic Rhinitis","D001249;D065631","Nasal Biopsy","Macrophage","36138182"
"RPS15","Allergic Asthma;Allergic Rhinitis","D001249;D065631","Nasal Biopsy","Macrophage","36138182"
"IFI6","Allergic Asthma;Allergic Rhinitis","D001249;D065631","Nasal Biopsy","Macrophage","36138182;37428185"
"TGFBI","Allergic Asthma;Allergic Rhinitis;Atopic Dermatitis","D001249;D003876;D065631","Nasal Biopsy","Macrophage","36456559"
"CSF1R","Allergic Asthma;Allergic Rhinitis;Atopic Dermatitis","D001249;D003876;D065631","Blood;Nasal Biopsy","Macrophage;Monocyte","36456559;36929161"
"TMEM176B","Allergic Asthma;Allergic Rhinitis;Atopic Dermatitis","D001249;D003876;D065631","Nasal Biopsy","Macrophage","36456559"
"LILRB4","Allergic Asthma;Allergic Rhinitis;Atopic Dermatitis","D001249;D003876;D065631","Nasal Biopsy","Macrophage","36456559"
"SLCO2B1","Allergic Asthma;Allergic Rhinitis;Atopic Dermatitis","D001249;D003876;D065631","Nasal Biopsy","Macrophage","36456559"
"CD72","Allergic Asthma;Allergic Rhinitis;Atopic Dermatitis","D001249;D003876;D065631","Nasal Biopsy","Macrophage","36456559"
"ENG","Allergic Asthma;Allergic Rhinitis;Atopic Dermatitis","D001249;D003876;D065631","Nasal Biopsy","Macrophage","36456559"
"SIGLEC1","Allergic Asthma;Allergic Rhinitis;Atopic Dermatitis","D001249;D003876;D065631","Nasal Biopsy","Macrophage","36456559"
"TRPM2","Allergic Asthma;Allergic Rhinitis;Atopic Dermatitis","D001249;D003876;D065631","Nasal Biopsy","Macrophage","36456559"
"GPR68","Allergic Asthma;Allergic Rhinitis;Atopic Dermatitis","D001249;D003876;D065631","Nasal Biopsy","Macrophage","36456559"
"ADGRE1","Atopic Dermatitis","D003876","Blood;Skin","Macrophage;Monocyte","38806324"
"ADGRE3","Atopic Dermatitis","D003876","Blood;Skin","Macrophage;Monocyte","38806324"
"ALOX5AP","Allergic Rhinitis;Atopic Dermatitis","D003876;D065631","Blood;Nasal Biopsy;Skin","Macrophage;Monocyte","37428185;38806324"
"APOBR","Atopic Dermatitis","D003876","Blood;Skin","Macrophage;Monocyte","38806324"
"CDA","Allergic Asthma;Atopic Dermatitis","D001249;D003876","BALF/Lung Biopsy;Blood;Skin","Macrophage;Monocyte","38297226;38806324"
"CEBPD","Atopic Dermatitis","D003876","Blood;Skin","Macrophage;Monocyte","38806324"
"DGAT2","Atopic Dermatitis","D003876","Blood;Skin","Macrophage;Monocyte","38806324"
"FPR1","Allergic Asthma;Atopic Dermatitis","D001249;D003876","BALF/Lung Biopsy;Blood;Skin","Macrophage;Monocyte","38297226;38806324"
"LILRA2","Allergic Asthma;Atopic Dermatitis","D001249;D003876","BALF/Lung Biopsy;Blood;Skin","Macrophage;Monocyte","38297226;38806324"
"MMP9","Allergic Asthma;Atopic Dermatitis","D001249;D003876","BALF/Lung Biopsy;Blood;Skin","Macrophage;Monocyte","38297226;38806324"
"ERN1","Allergic Asthma","D001249","BALF/Lung Biopsy","Macrophage","37172666"
"CD274","Allergic Asthma","D001249","BALF/Lung Biopsy","Macrophage","37172666"
"RNF20","Allergic Asthma","D001249","BALF/Lung Biopsy","Macrophage","37172666"
"GATA3","Allergic Asthma","D001249","BALF/Lung Biopsy","Macrophage","37172666"
"STAT3","Allergic Asthma","D001249","BALF/Lung Biopsy","Macrophage","37172666"
"CCR6","Allergic Asthma","D001249","BALF/Lung Biopsy","Macrophage","37172666"
"CD1D","Allergic Asthma;Allergic Rhinitis","D001249;D065631","BALF/Lung Biopsy;Blood","Macrophage;Monocyte","37172666;37625825;38297226"
"IL13RA1","Allergic Asthma","D001249","BALF/Lung Biopsy","Macrophage","37172666"
"CD1C","Allergic Asthma","D001249","BALF/Lung Biopsy","Macrophage","37172666"
"CLEC7A","Allergic Asthma","D001249","BALF/Lung Biopsy;Sputum","Macrophage","38297226;38459541"
"CRIP1","Allergic Rhinitis","D065631","Nasal Biopsy","Macrophage","37428185"
"RPL17","Allergic Rhinitis","D065631","Nasal Biopsy","Macrophage","37428185"
"S100A10","Allergic Rhinitis","D065631","Nasal Biopsy","Macrophage","37428185"
"IFITM3","Allergic Rhinitis","D065631","Nasal Biopsy","Macrophage","37428185"
"HLA-DPA1","Allergic Rhinitis","D065631","Nasal Biopsy","Macrophage","37428185"
"HLA-DPB1","Allergic Rhinitis","D065631","Nasal Biopsy","Macrophage","37428185"
"LY6E","Allergic Rhinitis","D065631","Nasal Biopsy","Macrophage","37428185"
"HLA-DRB1","Allergic Rhinitis","D065631","Nasal Biopsy","Macrophage","37428185"
"ISG15","Allergic Rhinitis","D065631","Nasal Biopsy","Macrophage","37428185"
"CD74","Allergic Rhinitis","D065631","Nasal Biopsy","Macrophage","37428185"
"PLAC8","Allergic Rhinitis","D065631","Nasal Biopsy","Macrophage","37428185"
"PSME2","Allergic Rhinitis","D065631","Nasal Biopsy","Macrophage","37428185"
"APOBEC3A","Allergic Asthma;Allergic Rhinitis","D001249;D065631","BALF/Lung Biopsy;Nasal Biopsy","Macrophage","37428185;38297226"
"HLA-DMA","Allergic Rhinitis","D065631","Nasal Biopsy","Macrophage","37428185"
"TUBA1B","Allergic Rhinitis","D065631","Nasal Biopsy","Macrophage","37428185"
"HLA-DQA1","Allergic Rhinitis","D065631","Nasal Biopsy","Macrophage","37428185"
"CD52","Allergic Rhinitis","D065631","Nasal Biopsy","Macrophage","37428185"
"CST3","Allergic Rhinitis","D065631","Nasal Biopsy","Macrophage","37428185"
"HLA-DRB5","Allergic Rhinitis","D065631","Nasal Biopsy","Macrophage","37428185"
"GBP1","Allergic Rhinitis","D065631","Nasal Biopsy","Macrophage","37428185"
"LIPA","Allergic Rhinitis","D065631","Nasal Biopsy","Macrophage","37428185"
"HLA-DQB1","Allergic Rhinitis","D065631","Nasal Biopsy","Macrophage","37428185"
"SAT1","Allergic Rhinitis","D065631","Nasal Biopsy","Macrophage","37428185"
"YBX1","Allergic Rhinitis","D065631","Nasal Biopsy","Macrophage","37428185"
"C1orf162","Allergic Rhinitis","D065631","Nasal Biopsy","Macrophage","37428185"
"VAMP5","Allergic Rhinitis","D065631","Nasal Biopsy","Macrophage","37428185"
"MARCKS","Allergic Rhinitis","D065631","Nasal Biopsy","Macrophage","37428185"
"RNASET2","Allergic Rhinitis","D065631","Nasal Biopsy","Macrophage","37428185"
"NPC2","Allergic Rhinitis","D065631","Nasal Biopsy","Macrophage","37428185"
"AIF1","Allergic Asthma;Allergic Rhinitis","D001249;D065631","BALF/Lung Biopsy;Nasal Biopsy","Macrophage","37428185;38297226"
"HLA-DQA2","Allergic Rhinitis","D065631","Nasal Biopsy","Macrophage","37428185"
"ABI3","Allergic Rhinitis","D065631","Nasal Biopsy","Macrophage","37428185"
"S100A12","Allergic Asthma;Allergic Rhinitis","D001249;D065631","BALF/Lung Biopsy;Nasal Biopsy","Macrophage","37428185;38297226"
"MNDA","Allergic Asthma;Allergic Rhinitis","D001249;D065631","BALF/Lung Biopsy;Nasal Biopsy","Macrophage","37428185;38297226"
"VCAN","Allergic Rhinitis","D065631","Nasal Biopsy","Macrophage","37428185"
"FOLR3","Allergic Rhinitis","D065631","Nasal Biopsy","Macrophage","37428185"
"RBP7","Allergic Rhinitis","D065631","Nasal Biopsy","Macrophage","37428185"
"CYP1B1","Allergic Rhinitis","D065631","Nasal Biopsy","Macrophage","37428185"
"S100A6","Allergic Rhinitis","D065631","Nasal Biopsy","Macrophage","37428185"
"HMGB2","Allergic Rhinitis","D065631","Nasal Biopsy","Macrophage","37428185"
"PLBD1","Allergic Rhinitis","D065631","Nasal Biopsy","Macrophage","37428185"
"TSPO","Allergic Rhinitis","D065631","Nasal Biopsy","Macrophage","37428185"
"LYZ","Allergic Rhinitis","D065631","Nasal Biopsy","Macrophage","37428185"
"RGS2","Allergic Rhinitis","D065631","Nasal Biopsy","Macrophage","37428185"
"ATP5MJ","Allergic Rhinitis","D065631","Nasal Biopsy","Macrophage","37428185"
"MGST1","Allergic Rhinitis","D065631","Nasal Biopsy","Macrophage","37428185"
"FCN1","Allergic Asthma;Allergic Rhinitis","D001249;D065631","BALF/Lung Biopsy;Nasal Biopsy","Macrophage","37428185;38297226"
"RETN","Allergic Rhinitis","D065631","Nasal Biopsy","Macrophage","37428185"
"RPL36A","Allergic Rhinitis","D065631","Nasal Biopsy","Macrophage","37428185"
"AP1S2","Allergic Rhinitis","D065631","Nasal Biopsy","Macrophage","37428185"
"EIF3E","Allergic Rhinitis","D065631","Nasal Biopsy","Macrophage","37428185"
"ANXA1","Allergic Rhinitis","D065631","Nasal Biopsy","Macrophage","37428185"
"CTSS","Allergic Rhinitis","D065631","Nasal Biopsy","Macrophage","37428185"
"PABPC1","Allergic Rhinitis","D065631","Nasal Biopsy","Macrophage","37428185"
"ZFP36L2","Allergic Rhinitis","D065631","Nasal Biopsy","Macrophage","37428185"
"CCNI","Allergic Rhinitis","D065631","Nasal Biopsy","Macrophage","37428185"
"CALM2","Allergic Rhinitis","D065631","Nasal Biopsy","Macrophage","37428185"
"HSD17B11","Allergic Rhinitis","D065631","Nasal Biopsy","Macrophage","37428185"
"EVI2B","Allergic Rhinitis","D065631","Nasal Biopsy","Macrophage","37428185"
"MS4A6A","Allergic Asthma;Allergic Rhinitis","D001249;D065631","BALF/Lung Biopsy;Nasal Biopsy","Macrophage","37428185;38297226"
"LGALS2","Allergic Rhinitis","D065631","Nasal Biopsy","Macrophage","37428185"
"EIF3M","Allergic Rhinitis","D065631","Nasal Biopsy","Macrophage","37428185"
"TIMP1","Allergic Rhinitis","D065631","Nasal Biopsy","Macrophage","37428185"
"C15orf48","Allergic Rhinitis","D065631","Nasal Biopsy","Macrophage","37428185"
"FABP5","Allergic Rhinitis","D065631","Nasal Biopsy","Macrophage","37428185"
"FTH1","Allergic Rhinitis","D065631","Nasal Biopsy","Macrophage","37428185"
"LITAF","Allergic Rhinitis","D065631","Nasal Biopsy","Macrophage","37428185"
"CTSB","Allergic Rhinitis","D065631","Nasal Biopsy","Macrophage","37428185"
"ACP5","Allergic Asthma;Allergic Rhinitis","D001249;D065631","BALF/Lung Biopsy;Nasal Biopsy","Macrophage","37428185;38297226"
"YWHAH","Allergic Rhinitis","D065631","Nasal Biopsy","Macrophage","37428185"
"SDS","Allergic Rhinitis","D065631","Nasal Biopsy","Macrophage","37428185"
"GSN","Allergic Rhinitis","D065631","Nasal Biopsy","Macrophage","37428185"
"SRGN","Allergic Rhinitis","D065631","Nasal Biopsy","Macrophage","37428185"
"CTSL","Allergic Rhinitis","D065631","Nasal Biopsy","Macrophage","37428185"
"GLUL","Allergic Rhinitis","D065631","Nasal Biopsy","Macrophage","37428185"
"MARCKSL1","Allergic Rhinitis","D065631","Nasal Biopsy","Macrophage","37428185"
"SOD2","Allergic Rhinitis","D065631","Nasal Biopsy","Macrophage","37428185"
"SERPINB9","Allergic Rhinitis","D065631","Nasal Biopsy","Macrophage","37428185"
"LDHA","Allergic Rhinitis","D065631","Nasal Biopsy","Macrophage","37428185"
"GPX4","Allergic Rhinitis","D065631","Nasal Biopsy","Macrophage","37428185"
"NAMPT","Allergic Rhinitis","D065631","Nasal Biopsy","Macrophage","37428185"
"SPINT2","Allergic Rhinitis","D065631","Nasal Biopsy","Macrophage","37428185"
"HIF1A","Allergic Rhinitis","D065631","Nasal Biopsy","Macrophage","37428185"
"FCGR2A","Allergic Asthma","D001249","Blood","Monocyte","36929161"
"CD33","Allergic Asthma","D001249","BALF/Lung Biopsy;Blood","Macrophage;Monocyte","36929161;38297226"
"IL31","Atopic Dermatitis","D003876","Skin","Macrophage","36410530"
"ADAMDEC1","Allergic Asthma","D001249","BALF/Lung Biopsy","Macrophage","38297226"
"AQP9","Allergic Asthma","D001249","BALF/Lung Biopsy","Macrophage","38297226"
"ASGR1","Allergic Asthma","D001249","BALF/Lung Biopsy","Macrophage","38297226"
"ASGR2","Allergic Asthma","D001249","BALF/Lung Biopsy","Macrophage","38297226"
"BHLHE41","Allergic Asthma","D001249","BALF/Lung Biopsy","Macrophage","38297226"
"BST1","Allergic Asthma","D001249","BALF/Lung Biopsy","Macrophage","38297226"
"C5AR1","Allergic Asthma","D001249","BALF/Lung Biopsy","Macrophage","38297226"
"CCDC102B","Allergic Asthma","D001249","BALF/Lung Biopsy","Macrophage","38297226"
"CCL22","Allergic Asthma","D001249","BALF/Lung Biopsy","Macrophage","38297226"
"CCL7","Allergic Asthma","D001249","BALF/Lung Biopsy","Macrophage","38297226"
"CFP","Allergic Asthma","D001249","BALF/Lung Biopsy","Macrophage","38297226"
"CLEC4A","Allergic Asthma","D001249","BALF/Lung Biopsy","Macrophage","38297226"
"COL8A2","Allergic Asthma","D001249","BALF/Lung Biopsy","Macrophage","38297226"
"CREB5","Allergic Asthma","D001249","BALF/Lung Biopsy","Macrophage","38297226"
"CSF1","Allergic Asthma","D001249","BALF/Lung Biopsy","Macrophage","38297226"
"CSF3R","Allergic Asthma","D001249","BALF/Lung Biopsy","Macrophage","38297226"
"CXCL3","Allergic Asthma","D001249","BALF/Lung Biopsy","Macrophage","38297226"
"CXCL5","Allergic Asthma","D001249","BALF/Lung Biopsy","Macrophage","38297226"
"CYP27A1","Allergic Asthma","D001249","BALF/Lung Biopsy","Macrophage","38297226"
"DCSTAMP","Allergic Asthma","D001249","BALF/Lung Biopsy","Macrophage","38297226"
"GASK1B","Allergic Asthma","D001249","BALF/Lung Biopsy","Macrophage","38297226"
"FES","Allergic Asthma","D001249","BALF/Lung Biopsy","Macrophage","38297226"
"FOSB","Allergic Asthma","D001249","BALF/Lung Biopsy","Macrophage","38297226"
"FZD2","Allergic Asthma","D001249","BALF/Lung Biopsy","Macrophage","38297226"
"GPC4","Allergic Asthma","D001249","BALF/Lung Biopsy","Macrophage","38297226"
"HCK","Allergic Asthma","D001249","BALF/Lung Biopsy","Macrophage","38297226"
"HK3","Allergic Asthma","D001249","BALF/Lung Biopsy","Macrophage","38297226"
"HNMT","Allergic Asthma","D001249","BALF/Lung Biopsy","Macrophage","38297226"
"HPSE","Allergic Asthma","D001249","BALF/Lung Biopsy","Macrophage","38297226"
"IGSF6","Allergic Asthma","D001249","BALF/Lung Biopsy","Macrophage","38297226"
"LILRA3","Allergic Asthma","D001249","BALF/Lung Biopsy","Macrophage","38297226"
"LILRB2","Allergic Asthma","D001249","BALF/Lung Biopsy","Macrophage","38297226"
"LST1","Allergic Asthma","D001249","BALF/Lung Biopsy","Macrophage","38297226"
"MARCO","Allergic Asthma","D001249","BALF/Lung Biopsy","Macrophage","38297226"
"MEFV","Allergic Asthma","D001249","BALF/Lung Biopsy","Macrophage","38297226"
"NCF2","Allergic Asthma","D001249","BALF/Lung Biopsy","Macrophage","38297226"
"NLRP3","Allergic Asthma","D001249","BALF/Lung Biopsy","Macrophage","38297226"
"NOD2","Allergic Asthma","D001249","BALF/Lung Biopsy","Macrophage","38297226"
"P2RY13","Allergic Asthma","D001249","BALF/Lung Biopsy","Macrophage","38297226"
"PADI4","Allergic Asthma","D001249","BALF/Lung Biopsy","Macrophage","38297226"
"PLA2G7","Allergic Asthma","D001249","BALF/Lung Biopsy","Macrophage","38297226"
"QPCT","Allergic Asthma","D001249","BALF/Lung Biopsy","Macrophage","38297226"
"RNASE2","Allergic Asthma","D001249","BALF/Lung Biopsy","Macrophage","38297226"
"RNASE6","Allergic Asthma","D001249","BALF/Lung Biopsy","Macrophage","38297226"
"SLAMF8","Allergic Asthma","D001249","BALF/Lung Biopsy","Macrophage","38297226"
"SLC12A8","Allergic Asthma","D001249","BALF/Lung Biopsy","Macrophage","38297226"
"SLC15A3","Allergic Asthma","D001249","BALF/Lung Biopsy","Macrophage","38297226"
"TLR8","Allergic Asthma","D001249","BALF/Lung Biopsy","Macrophage","38297226"
"TREM2","Allergic Asthma","D001249","BALF/Lung Biopsy","Macrophage","38297226"
"UPK3A","Allergic Asthma","D001249","BALF/Lung Biopsy","Macrophage","38297226"
"VNN1","Allergic Asthma","D001249","BALF/Lung Biopsy","Macrophage","38297226"
"VNN2","Allergic Asthma","D001249","BALF/Lung Biopsy","Macrophage","38297226"
